GENRE;ORDER;SPECIES;QUALITY;SOURCE;INFO1;INFO2;INFO3
Bacteria;;Shewanella;;Haddocketal.,2010,Dunlap&Urbanczyk,2013;;;
Bacteria;;Photobacterium;;Dunlap&Urbanczyk,2013;;;
Bacteria;;Vibrio;;Dunlap&Urbanczyk,2013;;;
Bacteria;;Aliivibrio;;Dunlap&Urbanczyk,2013;;;
Bacteria;;Photorhabdus;;Dunlap&Urbanczyk,2013;;;
Dinoflagellata;;Polykrikos;;Oba,2021;Gymnodiniales;Polykrikaceae;
Dinoflagellata;;Noctiluca;;Oba,2021;Noctilucales;Noctilucaceae;
Dinoflagellata;;Tripos;;Gomez,2013;Gonyaulaceles;Ceratiaceae;Neoceratium(Gomezetal.,2010)isillegitimate(Calado&Huisman,2010)
Dinoflagellata;;Alexandrium;;Oba,2021;Gonyaulaceles;Gonyaulacaceae;
Dinoflagellata;;Gonyaulax;;Oba,2021;Gonyaulaceles;Gonyaulacaceae;BothProtoceratiumreticulatum(formerlyGonyaulaxgrindleyi)andG.grndleyiarelistedinMarcinkoetal.,2013.
Dinoflagellata;;Lingulodinium;;Oba,2021;Gonyaulaceles;Gonyaulacaceae;
Dinoflagellata;;Pyrodinium;;Oba,2021;Gonyaulaceles;Gonyaulacaceae;
Dinoflagellata;;Protoperidinium;;Oba,2021;Peridiniales;Protoperidiniaceae;
Dinoflagellata;;Fragilidium;;Oba,2021;Gonyaulaceles;Pyrophacaceae;
Dinoflagellata;;Pyrophacus;;Oba,2021;Gonyaulaceles;Pyrophacaceae;
Dinoflagellata;;Dissodinium;;Oba,2021;Pyrocystales;Pyrocystaceae;
Dinoflagellata;;Pyrocystis;;Oba,2021;Pyrocystales;Pyrocystaceae;(=Dissodinium)
Dinoflagellata;;Peridiniella;?;"Valiadi&Iglesias-rodriguez,2013""thereportisanecdotalandnotconfirmed"".";Gonyaulaceles;Cladopyxidaceae;
Dinoflagellata;;Ceratocorys;;Valiadi&Iglesias-rodriguez,2013;Gonyaulaceles;Ceratocoryaceae;
Fungus;;Neonothopanus;;Cortes-Perezetal.,2019;Omphalotaceae;;
Fungus;;Omphalotus;;Cortes-Perezetal.,2019;Omphalotaceae;;
Fungus;;Filoboletus;;Cortes-Perezetal.,2019;Mycenaceae;(=poromycena);
Fungus;;Mycena;;Cortes-Perezetal.,2019;Mycenaceae;;
Fungus;;Panellus;;Cortes-Perezetal.,2019;Mycenaceae;(=Dictyopanus);
Fungus;;Resinomycena;;Cortes-Perezetal.,2019;Mycenaceae;;
Fungus;;Roridomyces;;Cortes-Perezetal.,2019;Physalacriaceae;;
Fungus;;Gerronema;;Cortes-Perezetal.,2019;Mycenaceae;;
Fungus;;Armillaria;;Cortes-Perezetal.,2019;Physalacriaceae;;
Radiolaria;Radiozoa,Collodaria;Thalassicolla;;Oba,2021;Thalassicollidae;;
Radiolaria;Radiozoa,Collodaria;Cytocladus;;Oba,2021;Thalassicollidae;;
Radiolaria;Radiozoa,Collodaria;Collozoum;;Oba,2021;Collozoidae;;
Radiolaria;Radiozoa,Collodaria;Rhaphidozoum;;Latsetal.,1987;1species(WORMS);Collozoidae;
Radiolaria;Radiozoa,Collodaria;Sphaerozoum;;Latsetal.,1987;1species(WORMS);Collozoidae;
Radiolaria;Radiozoa,Collodaria;Acrosphaera;;Latsetal.,1987;1species(WORMS);Collozoidae;
Radiolaria;Radiozoa,Collodaria;Collosphaera;;Latsetal.,1987;6species(WORMS);Collosphaeridae;
Radiolaria;Radiozoa,Collodaria;Siphonosphaera;;Latsetal.,1987;5species(WORMS);Collosphaeridae;
Radiolaria;Cercozoa,Phaeocalpida;Tuscaridium;;LingandHaddock,1997.Paleontol.Res.,Haddocketal.,2010;Tuscaroridae;;
Radiolaria;Cercozoa,Phaeosphaerida;Aulosphaera;;Oba,2021;Aulosphaeridae;;
Porifera;Cercozoa,Phaeosphaerida;Grantia;DOUBTFUL(Haddocketal.,2010.;Oba,2021;;;
Cnidaria;Scyphozoa;Atolla;;Oba,2021;;;
Cnidaria;Scyphozoa;Periphylla;;Oba,2021;;;
Cnidaria;Scyphozoa;Pelagia;;Oba,2021;;;
Cnidaria;Scyphozoa;Poralia;;Oba,2021;;;
Cnidaria;Scyphozoa;Nausithoe;;Haddocketal.,2010;;;
Cnidaria;Scyphozoa;Paraphyllina;;Haddocketal.,2010;;;
Cnidaria;Scyphozoa;Periphyllopsis;;Haddocketal.,2010;;;
Cnidaria;Scyphozoa;Phacellophora;;Haddocketal.,2010;;;
Cnidaria;Hydrozoa(Hydroida&Trachylina);Aequorea;;Oba,2021;Leptomedusae;Aequoreidae;
Cnidaria;Hydrozoa(Hydroida&Trachylina);Campanularia;;Oba,2021;Leptomedusae;Campanulariidae;
Cnidaria;Hydrozoa(Hydroida&Trachylina);Clytia;Clytia;Oba,2021;Leptomedusae;Campanulariidae;
Cnidaria;Hydrozoa(Hydroida&Trachylina);Phialidium;Clytia;Oba,2021;Leptomedusae;Campanulariidae;
Cnidaria;Hydrozoa(Hydroida&Trachylina);Obelia;;Oba,2021;Leptomedusae;Campanulariidae;
Cnidaria;Hydrozoa(Hydroida&Trachylina);Tima;;Oba,2021;Leptomedusae;Eirenidae;
Cnidaria;Hydrozoa(Hydroida&Trachylina);Lovenella;;Oba,2021;Leptomedusae;Lovenellidae;
Cnidaria;Hydrozoa(Hydroida&Trachylina);Mitrocoma;;Haddocketal.,2010;Leptomedusae;Mitrocomidae;Syn.Halistaura
Cnidaria;Hydrozoa(Hydroida&Trachylina);Leuckartiara;;Oba,2021;Anthomedusae;Pandeidae;
Cnidaria;Hydrozoa(Hydroida&Trachylina);Stomotoca;;Oba,2021;Anthomedusae;Pandeidae;
Cnidaria;Hydrozoa(Hydroida&Trachylina);Octophialucium;;Oba,2021;Octocannanomendubium;Leptomedusae;Malagazziidae
Cnidaria;Hydrozoa(Hydroida&Trachylina);Euphysa;;Oba,2021;Anthomedusae;Corymorphidae;
Cnidaria;Hydrozoa(Hydroida&Trachylina);Aegina;;Oba,2021;Narcomedusae;Aeginidae;
Cnidaria;Hydrozoa(Hydroida&Trachylina);Aeginura;;Oba,2021;Narcomedusae;Aeginidae;
Cnidaria;Hydrozoa(Hydroida&Trachylina);Cunina;;Oba,2021;Narcomedusae;Cuninidae;
Cnidaria;Hydrozoa(Hydroida&Trachylina);Solmissus;;Oba,2021;Narcomedusae;Cuninidae;
Cnidaria;Hydrozoa(Hydroida&Trachylina);Colobonema;;Oba,2021;Trachymedusae;Rhopalonematidae;
Cnidaria;Hydrozoa(Hydroida&Trachylina);Crossota;;Oba,2021;Trachymedusae;Rhopalonematidae;
Cnidaria;Hydrozoa(Hydroida&Trachylina);Bythotiara;;Haddocketal.,2010;Anthomedusae;Bythotiaridae;
Cnidaria;Hydrozoa(Hydroida&Trachylina);Bythotiara;;Haddocketal.,2010;Euphysoravaldiviae->Corymorphavaldiviae;Anthomedusae;Corymorphidae
Cnidaria;Hydrozoa(Hydroida&Trachylina);Halicreas;;Haddocketal.,2010;Trachymedusae;Halicreatidae;
Cnidaria;Hydrozoa(Hydroida&Trachylina);Haliscera;;Haddocketal.,2010;Trachymedusae;Halicreatidae;
Cnidaria;Hydrozoa(Hydroida&Trachylina);Halitrephes;;Haddocketal.,2010;Trachymedusae;Halicreatidae;
Cnidaria;Hydrozoa(Hydroida&Trachylina);Halopsis;;Haddocketal.,2010;Leptomedusae;Mitrocomidae;
Cnidaria;Hydrozoa(Hydroida&Trachylina);Mitrocomella;;Haddocketal.,2010;Leptomedusae;Mitrocomidae;
Cnidaria;Hydrozoa(Hydroida&Trachylina);Pandea;;Haddocketal.,2010;Anthomedusae;Pandeidae;
Cnidaria;Hydrozoa(Hydroida&Trachylina);Pegantha;;Haddocketal.,2010;Narcomedusae;Solmarisidae;
Cnidaria;Hydrozoa(Hydroida&Trachylina);Solmundella;;Haddocketal.,2010;Narcomedusae;Solmundaeginidae;
Cnidaria;Siphonophora;Abyla;;Oba,2021;Abylidae;;
Cnidaria;Siphonophora;Abylopsis;;Oba,2021;Abylidae;;
Cnidaria;Siphonophora;Bassia;;Oba,2021;Abylidae;;
Cnidaria;Siphonophora;Ceratocymba;;Oba,2021;Abylidae;;
Cnidaria;Siphonophora;Agalma;;Oba,2021;Agalmatidae;;
Cnidaria;Siphonophora;Halistemma;;Oba,2021;Agalmatidae;;
Cnidaria;Siphonophora;Nanomia;;Oba,2021;Agalmatidae;;
Cnidaria;Siphonophora;Apolemia;;Oba,2021;Apolemiidae;;
Cnidaria;Siphonophora;Chelophyes;;Oba,2021;Diphyidae;;
Cnidaria;Siphonophora;Diphyes;;Oba,2021;Diphyidae;;
Cnidaria;Siphonophora;Sulculeolaria;;Oba,2021;Diphyidae;;
Cnidaria;Siphonophora;Forskalia;;Oba,2021;Forskaliidae;;
Cnidaria;Siphonophora;Hippopodius;;Oba,2021;Hippopodiidae;;
Cnidaria;Siphonophora;Vogtia;;Oba,2021;Hippopodiidae;;
Cnidaria;Siphonophora;Amphicaryon;;Oba,2021;Prayidae;;
Cnidaria;Siphonophora;Maresearsia;;Oba,2021;Prayidae;;
Cnidaria;Siphonophora;Nectopyramis;;Oba,2021;Prayidae;;
Cnidaria;Siphonophora;Praya;;Oba,2021;Prayidae;;
Cnidaria;Siphonophora;Rosacea;;Oba,2021;Prayidae;;
Cnidaria;Siphonophora;Rhizophysa;;Oba,2021;Rhizophysa;;
Cnidaria;Siphonophora;Chuniphyes;;Haddocketal.,2010;Clausophyidae;;
Cnidaria;Siphonophora;Craseoa;;Haddocketal.,2010;Prayidae;;
Cnidaria;Siphonophora;Gymnopraia;;Haddocketal.,2010;Prayidae;;
Cnidaria;Siphonophora;Lensia;;Haddocketal.,2010;Diphyidae;;
Cnidaria;Siphonophora;Lilyopsis;;Haddocketal.,2010;Prayidae;;
Cnidaria;Siphonophora;Muggiaea;;Haddocketal.,2010;Diphyidae;;
Cnidaria;Siphonophora;Nectadamas;;Haddocketal.,2010;Prayidae;;
Cnidaria;Siphonophora;Sphaeronectes;;Haddocketal.,2010;Sphaeronectes;;
Cnidaria;Siphonophora;Bargmannia;;Haddocketal.,2010;Pyrostephidae;;
Cnidaria;Siphonophora;Erenna;;Haddocketal.,2010;Erennidae;;
Cnidaria;Siphonophora;Frillagalma;;Haddocketal.,2010;Agalmatidae;;
Cnidaria;Anthozoa;Acanella;;Oba,2021;Pennatulacea;Isididae;
Cnidaria;Anthozoa;Ishidella;;Oba,2021;;;
Cnidaria;Anthozoa;Keratoisis;;Oba,2021;Pennatulacea;Isididae;
Cnidaria;Anthozoa;Lepidisis;;Oba,2021;Pennatulacea;Isididae;
Cnidaria;Anthozoa;Primnoisis;;Oba,2021;Pennatulacea;Isididae;
Cnidaria;Anthozoa;Thouarella;;Oba,2021;Alcyonacea;Primnoidae;
Cnidaria;Anthozoa;Iridogorgia;;Oba,2021;Alcyonacea;Chrysogorgiidae;
Cnidaria;Anthozoa;Acanthogorgia;;Oba,2021;Alcyonacea;Acanthogorgiidae;
Cnidaria;Anthozoa;Anthomastus;;Oba,2021;Alcyonacea;Alcyoniidae;
Cnidaria;Anthozoa;Funiculina;;Oba,2021;Pennatulacea;Funiculinidae;
Cnidaria;Anthozoa;Pennatula;;Oba,2021;Pennatulacea;Pennatulidae;
Cnidaria;Anthozoa;Ptilosarcus;;Oba,2021;Pennatulacea;Pennatulidae;
Cnidaria;Anthozoa;Distichoptilum;;Oba,2021;Pennatulacea;Protoptilidae;
Cnidaria;Anthozoa;Pteroeides;;Oba,2021;Pennatulacea;Pennatulidae;
Cnidaria;Anthozoa;Renilla;;Oba,2021;Pennatulacea;Renillidae;
Cnidaria;Anthozoa;Stachyptilum;;Oba,2021;Pennatulacea;Stachyptilidae;
Cnidaria;Anthozoa;Umbellula;;Oba,2021;Pennatulacea;Umbellulidae;
Cnidaria;Anthozoa;Cavernularia;;Oba,2021;Pennatulacea;Veretillidae;
Cnidaria;Anthozoa;Veretillum;;Oba,2021;Pennatulacea;Veretillidae;
Cnidaria;Anthozoa;Acanthoptilum;;Oba,2021;Pennatulacea;Virgulariidae;
Cnidaria;Anthozoa;Stylatula;;Oba,2021;Pennatulacea;Virgulariidae;
Cnidaria;Anthozoa;Virgularia;;Oba,2021;Pennatulacea;Virgulariidae;
Cnidaria;Anthozoa;Epizoanthus;;Oba,2021;Zoantharia;Epizoanthidae;
Cnidaria;Anthozoa;Parazoanthus;;Oba,2021;Zoantharia;Parazoanthidae;
Cnidaria;Anthozoa;Savalia;;Oba,2021;Zoantharia;Parazoanthidae;
Cnidaria;Anthozoa;Eleutherobia;;WilliamsGC(2001)Proc.CariforniaAcad.Sci.17,209-225.;Alcyonacea;Alcyoniidae;
Cnidaria;Anthozoa;Actinoscyphia;;Johnsenetal.(2012)J.Exp.Biol.215,3335-3343.;Actiniaria;Actinoscyphiidae;
Cnidaria;Anthozoa;Parazoanthidaen.gen.;;Johnsenetal.(2012)J.Exp.Biol.215,3335-3343.;Zoantharia;Parazoanthidae;
Cnidaria;Anthozoa;Halipteris;;Johnsenetal.(2012)J.Exp.Biol.215,3335-3343.;Pennatulacea;Halipteridae;
Cnidaria;Anthozoa;Protoptilum;;Johnsenetal.(2012)J.Exp.Biol.215,3335-3343.;Pennatulacea;Protoptilidae;
Cnidaria;Anthozoa;Chrysogorgia;;Johnsenetal.(2012)J.Exp.Biol.215,3335-3343.;Alcyonacea;Chrysogorgiidae;
Cnidaria;Anthozoa;Heteropolypus;;Oba,2021;Alcyonacea;Alcyoniidae;Bathyaclyonrobustum(Bessho-Uehara,inpress)
Cnidaria;Anthozoa;Kophobelemnon;;Oba,2021;Alcyonacea;Alcyoniidae;Bathyaclyonrobustum(Bessho-Uehara,inpress)
Cnidaria;Anthozoa;Paragorgia;;Oba,2021;Actiniaria;Hormathiidae;Hormathiidaesp.(Bessho-Uehara,inpress)
Ctenophora;;Haeckelia;;Oba,2021;;;
Ctenophora;;Lampea;;Oba,2021;;;
Ctenophora;;Callianira;;Oba,2021;;;
Ctenophora;;Mertensia;;Oba,2021;;;
Ctenophora;;Bolinopsis;;Oba,2021;;;
Ctenophora;;Deiopea;;Oba,2021;;;
Ctenophora;;Mnemiopsis;;Oba,2021;;;
Ctenophora;;Eurhamphaea;;Oba,2021;;;
Ctenophora;;Leucothea;;Oba,2021;;;
Ctenophora;;Ocyropsis;;Oba,2021;;;
Ctenophora;;Cestum;;Oba,2021;;;
Ctenophora;;Velamen;;Oba,2021;;;
Ctenophora;;Beroe;;Oba,2021;;;
Ctenophora;;Aulacoctena;;Haddocketal.,2010;;;
Ctenophora;;Bathocyroe;;Haddocketal.,2010;;;
Ctenophora;;Bathyctena;;Haddocketal.,2010;;;
Ctenophora;;Charistephane;;Haddocketal.,2010;;;
Ctenophora;;Euplokamis;;Haddocketal.,2010;;;
Ctenophora;;Kiyohimea;;Haddocketal.,2010;;;
Ctenophora;;Thalassocalyce;;Haddocketal.,2010;;;
Nemertea;;Emplectonema;;Oba,2021;;;
Gastropoda;;Angiola;;Haddocketal.,2010;;;
Gastropoda;;Planaxis;;Haddocketal.,2010;;;
Gastropoda;;Hinea;;Oba,2021;H.brasiliana;;
Gastropoda;;Melanella;;Haddocketal.,2010;;;
Gastropoda;;Kaloplocamus;;Oba,2021;;;
Gastropoda;;Plocamopherus;;Oba,2021;;;
Gastropoda;;Kalinga;;Oba,2021;kalingaornata;;
Gastropoda;;Phylliroe;;Oba,2021;;;
Gastropoda;;Latia;;Oba,2021;;;
Gastropoda;;Quantula;;Oba,2021;;;
Gastropoda;;Dyakia;;Oba,2021;;;
Gastropoda;;Hemiplecta;;Oba,2021;;;
Bivalvia;;Gastrochaena;;Oba,2021;;;
Bivalvia;;Pholas;;Oba,2021;;;
Bivalvia;;Cucullaea;;Kosuge,2018;;;
Cephalopoda;Spirulida;Spirula;;Oba,2021;;;
Cephalopoda;Sepiolida;Euprymna;;Oba,2021;;;
Cephalopoda;;Heteroteuthis;;Oba,2021;;;
Cephalopoda;;Inioteuthis;;Oba,2021;FAO　luminatormaynotbe;;
Cephalopoda;;Iridoteuthis;;Oba,2021;;;
Cephalopoda;;Nectoteuthis;;Oba,2021;;;
Cephalopoda;;Rondeletiola;;Oba,2021;;;
Cephalopoda;;Semirossia;;Oba,2021;;;
Cephalopoda;;Sepiola;;Oba,2021;;;
Cephalopoda;;Sepiolina;;Oba,2021;;;
Cephalopoda;;Stoloteuthis;;Oba,2021;;;
Cephalopoda;;Amphorateuthis;;Oba,2021;;;
Cephalopoda;Teuthida;Loliolus;;Oba,2021;Loliginidae;;
Cephalopoda;Teuthida;Uroteuthis;;Oba,2021;Loliginidae;;
Cephalopoda;Teuthida;Lampadioteuthis;;Oba,2021;Lycoteuthidae;;
Cephalopoda;Teuthida;Lycoteuthis;;Oba,2021;Lycoteuthidae;;
Cephalopoda;Teuthida;Nematolampas;;Oba,2021;Lycoteuthidae;;
Cephalopoda;Teuthida;Selenoteuthis;;Oba,2021;Lycoteuthidae;;
Cephalopoda;Teuthida;Abralia;;Oba,2021;Enoploteuthidae;;
Cephalopoda;Teuthida;Abraliopsis;;Oba,2021;Enoploteuthidae;;
Cephalopoda;Teuthida;Ancistrocheirus;;Oba,2021;Enoploteuthidae;;
Cephalopoda;Teuthida;Enoploteuthis;;Oba,2021;Enoploteuthidae;;
Cephalopoda;Teuthida;Pterygioteuthis;;Oba,2021;Pyroteuthidae;;
Cephalopoda;Teuthida;Pyroteuthis;;Oba,2021;Pyroteuthidae;;
Cephalopoda;Teuthida;Ancistrocheirus;;Oba,2021;Ancistrocheiridae;;
Cephalopoda;Teuthida;Watasenia;;Oba,2021;Enoploteuthidae;;
Cephalopoda;Teuthida;Octopoteuthis;;Oba,2021;Octopoteuthidae;;
Cephalopoda;Teuthida;Taningia;;Oba,2021;Octopoteuthidae;;
Cephalopoda;Teuthida;Onychoteuthis;;Oba,2021;Onychoteuthidae;;
Cephalopoda;Teuthida;Cycloteuthis;;Oba,2021;Cycloteuthidae;;
Cephalopoda;Teuthida;Discoteuthis;;Oba,2021;Cycloteuthidae;;
Cephalopoda;Teuthida;Gonatus;;Oba,2021;Gonatidae;;
Cephalopoda;Teuthida;Histioteuthis;;Oba,2021;Histioteuthidae;;
Cephalopoda;;Bathyteuthis;;Oba,2021;;;
Cephalopoda;;Chtenopteryx;;Oba,2021;;;
Cephalopoda;;Brachioteuthis;;Oba,2021;Brachioteuthidae;;
Cephalopoda;;Slosarczykovia;;Oba,2021;Brachioteuthidae;;
Cephalopoda;;Batoteuthis;;Oba,2021;;;
Cephalopoda;;Dosidicus;;Oba,2021;Ommastrephidae;;
Cephalopoda;;Hyaloteuthis;;Oba,2021;Ommastrephidae;;
Cephalopoda;;Ommastrephes;;Oba,2021;Ommastrephidae;;
Cephalopoda;;Ornithoteuthis;;Oba,2021;Ommastrephidae;;
Cephalopoda;;Sthenoteuthis;;Oba,2021;Ommastrephidae;;
Cephalopoda;;Chiroteuthis;;Oba,2021;Chiroteuthidae;;
Cephalopoda;;Echinoteuthis;?;Oba,2021;Chiroteuthidae;;
Cephalopoda;;Mastigoteuthis;;Oba,2021;Mastigoteuthidae;;
Cephalopoda;;Idioteuthis;;Oba,2021;Mastigoteuthidae;;
Cephalopoda;;Mastigopsis;;Oba,2021;Mastigoteuthidae;;
Cephalopoda;;Mastigotragus;;Oba,2021;Mastigoteuthidae;;
Cephalopoda;;Grimalditeuthis;?;Oba,2021;Chiroteuthidae;;
Cephalopoda;;Bathothauma;;Oba,2021;Crachiidae;;
Cephalopoda;;Cranchia;;Oba,2021;Crachiidae;;
Cephalopoda;;Enigmocranchia;;Okutani,2015;Crachiidae;;
Cephalopoda;;Egea;;Oba,2021;Crachiidae;;
Cephalopoda;;Galiteuthis;;Oba,2021;Crachiidae;;
Cephalopoda;;Helicocranchia;;Oba,2021;Crachiidae;;
Cephalopoda;;Leachia;;Oba,2021;Crachiidae;;
Cephalopoda;;Liguriella;;Oba,2021;Crachiidae;;
Cephalopoda;;Liocranchia;;Oba,2021;Crachiidae;;
Cephalopoda;;Megalocranchia;;Oba,2021;Crachiidae;;
Cephalopoda;;Mesonychoteuthis;;Oba,2021;Crachiidae;;
Cephalopoda;;Sandalops;;Oba,2021;Crachiidae;;
Cephalopoda;;Taonius;;Oba,2021;Crachiidae;;
Cephalopoda;;Teuthowenia;;Oba,2021;Crachiidae;;
Cephalopoda;Vampyromorpha;Vampyroteuthis;;Oba,2021;;;
Cephalopoda;Octopoda;Bolitaena;;Oba,2021;;;
Cephalopoda;Octopoda;Japetella;;Oba,2021;;;
Cephalopoda;Octopoda;Stauroteuthis;;Haddocketal.,2010;;;
Annelida;Polychaeta;Tomopteris;;Oba,2021;Tomopteridae;;
Annelida;Polychaeta;Odontosyllis;;Oba,2021;Syllidae;;
Annelida;Polychaeta;Pionosyllis;;Oba,2021;Syllidae;;
Annelida;Polychaeta;Eusyllis;;A.foliosus(RaymondandDevries,1976);Syllidae;;
Annelida;Polychaeta;Aglaophamus;;Oba,2021;Nephtyidae;;
Annelida;Polychaeta;Acholoe;;Oba,2021;Polynoidae;;
Annelida;Polychaeta;Eunoe;;Oba,2021;Polynoidae;;
Annelida;Polychaeta;Gattyana;;Oba,2021;Polynoidae;;
Annelida;Polychaeta;Harmothoe;;Oba,2021;Polynoidae;;
Annelida;Polychaeta;Hesperonoe;;Oba,2021;Polynoidae;;
Annelida;Polychaeta;Lagisca;;Oba,2021;Polynoidae;;
Annelida;Polychaeta;Lepidasthenia;;Oba,2021;Polynoidae;;
Annelida;Polychaeta;Lepidonotus;;Oba,2021;Polynoidae;;
Annelida;Polychaeta;Malmgrenia;;Oba,2021;Polynoidae;;
Annelida;Polychaeta;Neopolynoe;;Oba,2021;Polynoidae;;
Annelida;Polychaeta;Polyeunoa;;Oba,2021;Polynoidae;;
Annelida;Polychaeta;Polynoe;;Oba,2021;Polynoidae;;
Annelida;Polychaeta;Onuphis;;Oba,2021;Onuphidae(Haneda,1955);;
Annelida;Polychaeta;Chaetopterus;;Oba,2021;Chaetopteridae;;
Annelida;Polychaeta;Mesochatopterus;;Oba,2021;Chaetopteridae;;
Annelida;Polychaeta;Dodecaceria;;Oba,2021;(=Heterocirrus);Flabelligerida;Cirratulidae
Annelida;Polychaeta;Tharyx;;Oba,2021;(=Heterocirrus);Flabelligerida;Cirratulidae
Annelida;Polychaeta;Caulleriella;;Oba,2021;Flabelligerida;Cirratulidae;Petersen(1999)Hydrobiologia402.
Annelida;Polychaeta;Chaetozone;;Oba,2021;Flabelligerida;Cirratulidae;Petersen(1999)Hydrobiologia402.
Annelida;Polychaeta;Flabelligera;;Oba,2021;Flabelligerida;Flabelligeridae;
Annelida;Polychaeta;Pherusa;;Oba,2021;(=Stylarioides);Flabelligerida;Flabelligeridae
Annelida;Polychaeta;Flota;;Oba,2021;Flabelligerida;Flabelligeridae;
Annelida;Polychaeta;Polycirrus;;Oba,2021;Terebellida;Terebellidae(Haneda,1955);
Annelida;Polychaeta;Thelepus;;Oba,2021;Terebellida;Terebellidae(Haneda,1955);
Annelida;Polychaeta;Poeobius;;Haddocketal.,2010;Flabelligerida;Poeobiidae;
Annelida;Polychaeta;Swima;;Haddocketal.,2010;Spionida;Acrocirridae;
Annelida;Oligochaeta;Eisenia;;Oba,2021;Lumbricidae;;
Annelida;Oligochaeta;Digaster;;Oba,2021;Megascolecidae;;
Annelida;Oligochaeta;Diplocardia;;Oba,2021;Acanthodrilidae;;
Annelida;Oligochaeta;Diplotrema;;Oba,2021;Acanthodrilidae;;
Annelida;Oligochaeta;Eutyphoeus;;Gates,1925;Megascolecidae;;
Annelida;Oligochaeta;Fletcherodrilus;;Oba,2021;Megascolecidae;;
Annelida;Oligochaeta;Lampito;;Gates,1925;Megascolecidae;;
Annelida;Oligochaeta;Megascolex;;Gates,1925;Megascolecidae;;
Annelida;Oligochaeta;Microscolex;;Oba,2021;Acanthodrilidae;;
Annelida;Oligochaeta;Octochaetus;;Oba,2021;Octochaecidae;;
Annelida;Oligochaeta;Parachilota;;Oba,2021;Acanthodrilidae;;
Annelida;Oligochaeta;Pontodrilus;;Oba,2021;Megascolecidae;;
Annelida;Oligochaeta;Ramiella;;Oba,2021;Megascolecidae;;
Annelida;Oligochaeta;Spenceriella;;Oba,2021;Megascolecidae;;
Annelida;Oligochaeta;Avelona;;Oba,2021;Lumbricidae;;
Annelida;Oligochaeta;Henlea;;Oba,2021;Enchytraeidae;;
Annelida;Oligochaeta;Fridericia;;Oba,2021;Enchytraeidae;;
Chelicerata;Oligochaeta;Colossendeis;;Oba,2021;;;
Crustacea;Copepoda;Centraugaptilus;;Oba,2021;Augaptilidae;;
Crustacea;Copepoda;Euaugaptilus;;Oba,2021;Augaptilidae;;
Crustacea;Copepoda;Haloptilus;;Oba,2021;Augaptilidae;;
Crustacea;Copepoda;Heteroptilus;;Oba,2021;Augaptilidae;;
Crustacea;Copepoda;Pseudhaloptilus;;Oba,2021;Augaptilidae;Pachyptiluseurygnathsu;Pseudhaloptilus
Crustacea;Copepoda;Lucicutia;;Oba,2021;Lucicutiidae;;
Crustacea;Copepoda;Disseta;;Oba,2021;Heterorhabdidae;;
Crustacea;Copepoda;Hemirhabdus;;Oba,2021;Heterorhabdidae;;
Crustacea;Copepoda;Neorhabdus;;Oba,2021;Heterorhabdidae;Hemirhabduslatus;Neorhabduslatus
Crustacea;Copepoda;Heterorhabdus;;Oba,2021;Heterorhabdidae;;
Crustacea;Copepoda;Heterostylites;;Oba,2021;Heterorhabdidae;;
Crustacea;Copepoda;Gaussia;;Oba,2021;Metridiidae;;
Crustacea;Copepoda;Metridia;;Oba,2021;Metridiidae;;
Crustacea;Copepoda;Pleuromamma;;Oba,2021;Metridiidae;;
Crustacea;Copepoda;Megacalanus;;Oba,2021;;;
Crustacea;Copepoda;Aegisthus;;Oba,2021;Harpacticoida;;
Crustacea;Copepoda;Oncaea;;Oba,2021;Cyclopoida;;
Crustacea;Ostracoda(Myodocopida);Cypridina;;Oba,2021;;;
Crustacea;Ostracoda(Myodocopida);Vargula;;Oba,2021;;;
Crustacea;Ostracoda(Myodocopida);Photeros;;Haddocketal.,2010;;;
Crustacea;Ostracoda(Myodocopida);Sheina;;Haddocketal.,2010;Cohenetal.2000.SmithonianContributiontoZoology605.;;
Crustacea;Ostracoda(Myodocopida);Enewton;;Haddocketal.,2010;;;
Crustacea;Ostracoda(Myodocopida);Kornickeria;;Haddocketal.,2010;;;
Crustacea;Ostracoda(Myodocopida);Maristella;;Redaetal.,2019.Zool.J.Linn.Soc.20,1-41.;;;
Crustacea;Ostracoda(Halocyprida);Conchoecia;;Nigroetal.2016;;;
Crustacea;Ostracoda(Halocyprida);Alacia;;Nigroetal.2016;WORMS;Halocyprididae;
Crustacea;Ostracoda(Halocyprida);Conchoecetta;;Nigroetal.2016;Halocyprididae;;
Crustacea;Ostracoda(Halocyprida);Conchoecilla;;Nigroetal.2016;Halocyprididae;;
Crustacea;Ostracoda(Halocyprida);Conchoecissa;;Nigroetal.2016;Halocyprididae;;
Crustacea;Ostracoda(Halocyprida);Discoconchoecia;;Nigroetal.2016;Halocyprididae;;
Crustacea;Ostracoda(Halocyprida);Hyalocoecia;;Oba,2021;Halocyprididae;;
Crustacea;Ostracoda(Halocyprida);Lophuroecia;;Oba,2021;Halocyprididae;;
Crustacea;Ostracoda(Halocyprida);Loricoecia;;Oba,2021;Halocyprididae;;
Crustacea;Ostracoda(Halocyprida);Macrochoecilla;;Oba,2021;Halocyprididae;;
Crustacea;Ostracoda(Halocyprida);Mikroconchoecia;;Nigroetal.2016;Halocyprididae;;
Crustacea;Ostracoda(Halocyprida);Orthoconchoecia;;Nigroetal.2016;Halocyprididae;;
Crustacea;Ostracoda(Halocyprida);Paraconchoecia;;Oba,2021;Halocyprididae;;
Crustacea;Ostracoda(Halocyprida);Paramollicia;;Oba,2021;Halocyprididae;;
Crustacea;Ostracoda(Halocyprida);Parthenoecia;;Oba,2021;Halocyprididae;;
Crustacea;Ostracoda(Halocyprida);Porroecia;;Nigroetal.2016;Halocyprididae;;
Crustacea;Mysidacea;Gnathophausia;;Petryashov,2015;;;
Crustacea;Mysidacea;Fagegnathophausia;;Petryashov,2015;;;
Crustacea;Mysidacea;Neognathophausia;;Petryashov,2015;;;
Crustacea;Amphipoda;Chevreuxiella;;Oba,2021;Thoriellidae;;
Crustacea;Amphipoda;Cyphocaris;;Oba,2021;Cyphocarididae;;
Crustacea;Amphipoda;Danaella;;Oba,2021;Thoriellidae;;
Crustacea;Amphipoda;Thoriella;;Oba,2021;Thoriellidae;;
Crustacea;Amphipoda;Acanthoscina;;Oba,2021;Scinidae;Scinidae;
Crustacea;Amphipoda;Scina;;Oba,2021;Scinidae;Scinidae;
Crustacea;Amphipoda;Megalanceola;;Oba,2021;Megalanceolidae;;
Crustacea;Amphipoda;Parapronoë;;Oba,2021;Eupronoidae;Pronoidae;
Crustacea;Euphausiacea;Euphausia;;Oba,2021;krillfamily;;
Crustacea;Euphausiacea;Meganyctiphanes;;Oba,2021;krillfamily;;
Crustacea;Euphausiacea;Nematobrachion;;Oba,2021;krillfamily;;
Crustacea;Euphausiacea;Nematoscelis;;Oba,2021;krillfamily;;
Crustacea;Euphausiacea;Nyctiphanes;;Oba,2021;;;
Crustacea;Euphausiacea;Pseudeuphausia;;Oba,2021;krillfamily;;
Crustacea;Euphausiacea;Stylocheiron;;Oba,2021;krillfamily;;
Crustacea;Euphausiacea;Tessarabrachion;;Oba,2021;krillfamily;;
Crustacea;Euphausiacea;Thysanoessa;;Oba,2021;krillfamily;;
Crustacea;Euphausiacea;Thysanopoda;;Oba,2021;krillfamily;;
Crustacea;Decapoda(Solenoceridae);Hadropenaeus;;Oba,2021;Beardedshrimpfamily;;
Crustacea;Decapoda(Solenoceridae);Hymenopenaeus;;Oba,2021;;;
Crustacea;Decapoda(Solenoceridae);Mesopenaeus;;Oba,2021;;;
Crustacea;Decapoda(Solenoceridae);Solenocera;;Oba,2021;;;
Crustacea;Decapoda(Sergestidae);Segestes;;Vereshchakaetal.,2014.PLOSONE;;;
Crustacea;Decapoda(Sergestidae);Allosergestes;;Vereshchakaetal.,2014.PLOSONE;;;
Crustacea;Decapoda(Sergestidae);Deosergestes;;Vereshchakaetal.,2014.PLOSONE;;;
Crustacea;Decapoda(Sergestidae);Eusergestes;;Vereshchakaetal.,2014.PLOSONE;;;
Crustacea;Decapoda(Sergestidae);Neosergestes;;Vereshchakaetal.,2014.PLOSONE;;;
Crustacea;Decapoda(Sergestidae);Parasergestes;;Vereshchakaetal.,2014.PLOSONE;;;
Crustacea;Decapoda(Sergestidae);Cornutosergestes;;Vereshchakaetal.,2014.PLOSONE;;;
Crustacea;Decapoda(Sergestidae);Challengerosergia;;Vereshchakaetal.,2014.PLOSONE;;;
Crustacea;Decapoda(Sergestidae);Gardinerosergia;;Vereshchakaetal.,2014.PLOSONE;;;
Crustacea;Decapoda(Sergestidae);Lucensosergia;;Vereshchakaetal.,2014.PLOSONE;;;
Crustacea;Decapoda(Sergestidae);Phorcosergia;;Vereshchakaetal.,2014.PLOSONE;;;
Crustacea;Decapoda(Sergestidae);Robustosergia;;Vereshchakaetal.,2014.PLOSONE;;;
Crustacea;Decapoda(Sergestidae);Scintillosergia;;Vereshchakaetal.,2014.PLOSONE;;;
Crustacea;Decapoda(Sergestidae);Prehensilosergia;;Vereshchakaetal.,2014.PLOSONE;;;
Crustacea;Decapoda(Oplophoridae);Acanthephyra;;Oba,2021;;;
Crustacea;Decapoda(Oplophoridae);Ephyrina;;Oba,2021;;;
Crustacea;Decapoda(Oplophoridae);Heterogenys;;Oba,2021;;;
Crustacea;Decapoda(Oplophoridae);Hymenodora;;Oba,2021;;;
Crustacea;Decapoda(Oplophoridae);Kemphyra;;Oba,2021;;;
Crustacea;Decapoda(Oplophoridae);Meningodora;;Oba,2021;;;
Crustacea;Decapoda(Oplophoridae);Notostomus;;Oba,2021;;;
Crustacea;Decapoda(Oplophoridae);Janicella;;Oba,2021;;;
Crustacea;Decapoda(Oplophoridae);Oplophorus;;Oba,2021;;;
Crustacea;Decapoda(Oplophoridae);Systellaspis;;Oba,2021;;;
Crustacea;Decapoda(Pasiphaeidae);Glyphus;;Oba,2021;;;
Crustacea;Decapoda(Pasiphaeidae);Leptochela;;Oba,2021;;;
Crustacea;Decapoda(Pandalidae);Heterocarpus;;Oba,2021;;;
Crustacea;Decapoda(Pandalidae);Plesionika;;Oba,2021;Parapandalusisunacceptedgenusnow(WORMS);;
Crustacea;Decapoda(Thalassocarididae);Chlorotocoides;;Oba,2021;;;
Crustacea;Decapoda(Thalassocarididae);Thalassocaris;;Oba,2021;;;
Crustacea;Decapoda(Aristeidae);Aristeus;;Oba,2021;;;
Crustacea;Decapoda(Aristeidae);Aristaeomorpha;;Oba,2021;;;
Insecta;Collembola;Onychiurus;;Oba,2021;(=Lipura,Aphorura&Anurophorus);;
Insecta;Collembola;Lobella;;Obaetal.,2011.;;;
Insecta;Coleoptera(Elateridae);Alampoides;;Oba,2021;Heligmini>Euplinthini;;
Insecta;Coleoptera(Elateridae);Cryptolampros;;Oba,2021;Pyrophorini(subtribeNyctophyxina);;
Insecta;Coleoptera(Elateridae);Deilelater;;Oba,2021;Pyrophorini(Pyrophorina);;
Insecta;Coleoptera(Elateridae);Fulgeochlizus;;Oba,2021;Pyrophorini(Pyrophorina);;
Insecta;Coleoptera(Elateridae);Hapsodrilus;;Oba,2021;Pyrophorini(Pyrophorina);;
Insecta;Coleoptera(Elateridae);Hypsiophthalmus;;Oba,2021;Pyrophorini(Pyrophorina);;
Insecta;Coleoptera(Elateridae);Ignelater;;Oba,2021;Pyrophorini(Pyrophorina);;
Insecta;Coleoptera(Elateridae);Lygelater;;Oba,2021;Pyrophorini(Pyrophorina);;
Insecta;Coleoptera(Elateridae);Noxlumenes;;Oba,2021;Pyrophorini(subtribeNyctophyxina);;
Insecta;Coleoptera(Elateridae);Nyctophyxis;;Oba,2021;Pyrophorini(subtribeNyctophyxina);;
Insecta;Coleoptera(Elateridae);Opselater;;Oba,2021;Pyrophorini(Pyrophorina);;
Insecta;Coleoptera(Elateridae);Phanophorus;;Oba,2021;Pyrophorini(Pyrophorina);;
Insecta;Coleoptera(Elateridae);Ptesimopsia;;Oba,2021;Pyrophorini(Pyrophorina);;
Insecta;Coleoptera(Elateridae);Pyrearinus;;Oba,2021;Pyrophorini(Pyrophorina);;
Insecta;Coleoptera(Elateridae);Pyrophorus;;Oba,2021;Pyrophorini(Pyrophorina);;
Insecta;Coleoptera(Elateridae);Pyroptesis;;Oba,2021;Pyrophorini(Pyrophorina);;
Insecta;Coleoptera(Elateridae);Sooporanga;;Oba,2021;Pyrophorini(Pyrophorina);;
Insecta;Coleoptera(Elateridae);Vesperelater;;Oba,2021;Pyrophorini(Pyrophorina);;
Insecta;Coleoptera(Elateridae);Photophorus;;Oba,2021;Pyrophorini(Pyrophorina);;
Insecta;Coleoptera(Elateridae);Campyloxenus;;Oba,2021;Campyroxeninae;;
Insecta;Coleoptera(Elateridae);Coctilelater;;Rosa,2007;;;
Insecta;Coleoptera(Elateridae);Hifo;;Oba,2021;Pyrophorini(Pyrophorina);;
Insecta;Coleoptera(Elateridae);Sinopyrophorus;;Bietal.,2019;;;
Insecta;Coleoptera(Elateridae);Bulgus;;Oba,2021;LuminescenceofBulgusschnueri(currentlyinThylacosterninaeofElateirdae)wasreported(Costa,1984).SeeObaY(2015)InsectMol.Biol.Ecol.;;
Insecta;Coleoptera(Staphilinidae);Xantholinus;;Oba,2021;LuminescenceofXantholinussp.werereportedtwice(Costaetal.,2986,Rose,2010).SeeObaY(2015)InsectMol.Biol.Ecol.;;
Insecta;Coleoptera(Homalisidae);Homalisus;DOUBTFUL;Oba,2021;ObaY(2015)InsectBioluminescenceinthePost-MolecularBiologyEra.In:InsectMolecularBiologyandEcology,CRCPress.;;
Insecta;Coleoptera(Phengodidae);Zaphipis;;Oba,2021;Zaragoza-CaballeroS&HernándezCXP(2014)SinopsisdelaFamiliaPhengodidae(Coleoptera).Inst.BiologiaUNAM.129p.;;
Insecta;Coleoptera(Phengodidae);Phengodes;;Oba,2021;;;
Insecta;Coleoptera(Phengodidae);Pseudophengodes;;Oba,2021;;;
Insecta;Coleoptera(Phengodidae);Microphengodes;;Oba,2021;;;
Insecta;Coleoptera(Phengodidae);Distremocephalus;;Oba,2021;;;
Insecta;Coleoptera(Phengodidae);Cenophengus;;Oba,2021;;;
Insecta;Coleoptera(Phengodidae);Mastinowittmerus;;Oba,2021;;;
Insecta;Coleoptera(Phengodidae);Cleicosta;;Vega-Badilloetal.2(2020)Pap.AvulsosZool.60,e202060.;;;
Insecta;Coleoptera(Phengodidae);Decamastinocerus;;Oba,2021;;;
Insecta;Coleoptera(Phengodidae);Euryopa;;Oba,2021;;;
Insecta;Coleoptera(Phengodidae);Steneuryopa;;Oba,2021;;;
Insecta;Coleoptera(Phengodidae);Euryognathus;;Oba,2021;;;
Insecta;Coleoptera(Phengodidae);Ptorthodiellus;;Oba,2021;;;
Insecta;Coleoptera(Phengodidae);Taximastinocerus;;Oba,2021;;;
Insecta;Coleoptera(Phengodidae);Howdenia;;Oba,2021;;;
Insecta;Coleoptera(Phengodidae);Pseudomastinocerus;;Oba,2021;;;
Insecta;Coleoptera(Phengodidae);Phrixothrix;;Oba,2021;;;
Insecta;Coleoptera(Phengodidae);Paraphrixothrix;;Oba,2021;;;
Insecta;Coleoptera(Phengodidae);Eurymastinocerus;;Oba,2021;;;
Insecta;Coleoptera(Phengodidae);Cephalophrixothrix;;Oba,2021;;;
Insecta;Coleoptera(Phengodidae);Ptorthodius;;Oba,2021;;;
Insecta;Coleoptera(Phengodidae);Mastinomorphus;;Oba,2021;;;
Insecta;Coleoptera(Phengodidae);Mastinocerus;;Oba,2021;;;
Insecta;Coleoptera(Phengodidae);Brasilocerus;;Oba,2021;;;
Insecta;Coleoptera(Phengodidae);Nephromma;;Oba,2021;;;
Insecta;Coleoptera(Phengodidae);Oxymastinocerus;;Oba,2021;;;
Insecta;Coleoptera(Phengodidae);Neophengus;;Oba,2021;;;
Insecta;Coleoptera(Phengodidae);Stenophrixothrix;;Oba,2021;;;
Insecta;Coleoptera(Phengodidae);Paraptorthodius;;Oba,2021;;;
Insecta;Coleoptera(Phengodidae);Spangleriella;;Oba,2021;;;
Insecta;Coleoptera(Phengodidae);Penicillophorus;;Oba,2021;;;
Insecta;Coleoptera(Phengodidae);Adendrocera;;Oba,2021;;;
Insecta;Coleoptera(Phengodidae);Acladocera;;Oba,2021;;;
Insecta;Coleoptera(Phengodidae);Walterius;;Oba,2021;;;
Insecta;Coleoptera(Phengodidae);Tarsakanthos;;Oba,2021;;;
Insecta;Coleoptera(Phengodidae);Akamboja;;Rozaetal.(2017)Zootaxa4306,501-523.;;;
Insecta;Coleoptera(Rhagophthalmidae);Dioptoma;;ITISReport,2008;;;
Insecta;Coleoptera(Rhagophthalmidae);Diplocladon;;ITISReport,2008;;;
Insecta;Coleoptera(Rhagophthalmidae);Dodecatoma;;ITISReport,2008;;;
Insecta;Coleoptera(Rhagophthalmidae);Falsophrixothrix;;ITISReport,2008;;;
Insecta;Coleoptera(Rhagophthalmidae);Mimoochotyra;;ITISReport,2008;;;
Insecta;Coleoptera(Rhagophthalmidae);Rhagophthalmus;;ITISReport,2008;;;
Insecta;Coleoptera(Rhagophthalmidae);Bicladodrilus;;Kundrata&Bocak(2011)Zootaxa2794.;;;
Insecta;Coleoptera(Rhagophthalmidae);Bicladon;;Oba,2021;;;
Insecta;Coleoptera(Rhagophthalmidae);Monodrilus;;Oba,2021;;;
Insecta;Coleoptera(Rhagophthalmidae);Pseudothilmanus;;Oba,2021;;;
Insecta;Coleoptera(Rhagophthalmidae);Reductodrilus;;Oba,2021;;;
Insecta;Coleoptera(Lampyridae);Abscondita;;ITISReport,2014;;;
Insecta;Coleoptera(Lampyridae);Afrodiaphanes;;Oba,2021;;;
Insecta;Coleoptera(Lampyridae);Alecton;;Oba,2021;;;
Insecta;Coleoptera(Lampyridae);Amydetes;;Oba,2021;;;
Insecta;Coleoptera(Lampyridae);Anadrilus;;Oba,2021;Lampyridaeincertaesedis;;
Insecta;Coleoptera(Lampyridae);Ankonophallus;;Oba,2021;;;
Insecta;Coleoptera(Lampyridae);Aorphallus;;Zaragoza-CaballeroandGutierrez-Carranza(2018)Dugesiana25,159-166.;;;
Insecta;Coleoptera(Lampyridae);Aquatica;;Oba,2021;;;
Insecta;Coleoptera(Lampyridae);Aquilonia;;Oba,2021;;;
Insecta;Coleoptera(Lampyridae);Araucariocladus;;SilveiraandMermudes(2017)Zootaxa4221,205-214.;;;
Insecta;Coleoptera(Lampyridae);Aspisoma;;Oba,2021;;;
Insecta;Coleoptera(Lampyridae);Aspisomoides;;Oba,2021;;;
Insecta;Coleoptera(Lampyridae);Asymmetricata;;Oba,2021;;;
Insecta;Coleoptera(Lampyridae);Atyphella;;Oba,2021;;;
Insecta;Coleoptera(Lampyridae);Australoluciola;;Oba,2021;;;
Insecta;Coleoptera(Lampyridae);Baolacus;;Oba,2021;;;
Insecta;Coleoptera(Lampyridae);Bicellonycha;;Oba,2021;;;
Insecta;Coleoptera(Lampyridae);Brachylampis;;Oba,2021;;;
Insecta;Coleoptera(Lampyridae);Brachypterodrilus;;Oba,2021;;;
Insecta;Coleoptera(Lampyridae);Callopisma;;Oba,2021;;;
Insecta;Coleoptera(Lampyridae);Calotrachelum;;Oba,2021;;;
Insecta;Coleoptera(Lampyridae);Calyptocephalus;;Oba,2021;;;
Insecta;Coleoptera(Lampyridae);Cassidomorphus;;Oba,2021;;;
Insecta;Coleoptera(Lampyridae);Ceylanodrilus;;Oba,2021;;;
Insecta;Coleoptera(Lampyridae);Cheguevaria;;Oba,2021;;;
Insecta;Coleoptera(Lampyridae);Chespirito;;Ferreiraetal.,2020;;;
Insecta;Coleoptera(Lampyridae);Cladodes;;Oba,2021;;;
Insecta;Coleoptera(Lampyridae);Colophotia;;Oba,2021;;;
Insecta;Coleoptera(Lampyridae);Convexa;;Oba,2021;;;
Insecta;Coleoptera(Lampyridae);Cratomorphus;;Oba,2021;;;
Insecta;Coleoptera(Lampyridae);Curtos;;Oba,2021;;;
Insecta;Coleoptera(Lampyridae);Cyphonocerus;;Oba,2021;;;
Insecta;Coleoptera(Lampyridae);Dadophora;;Oba,2021;;;
Insecta;Coleoptera(Lampyridae);Diaphanes;;Oba,2021;;;
Insecta;Coleoptera(Lampyridae);Rhagophthalmidae;;Oba,2021;;;
Insecta;Coleoptera(Lampyridae);Dilychnia;;Oba,2021;;;
Insecta;Coleoptera(Lampyridae);Dodacles;;Oba,2021;;;
Insecta;Coleoptera(Lampyridae);Drilaster;;Oba,2021;;;
Insecta;Coleoptera(Lampyridae);Dryptelytra;;Oba,2021;;;
Insecta;Coleoptera(Lampyridae);Electotreta;;Oba,2021;Balticamber;;
Insecta;Coleoptera(Lampyridae);Ellychnia;;Oba,2021;;;
Insecta;Coleoptera(Lampyridae);Emasia;;Oba,2021;;;
Insecta;Coleoptera(Lampyridae);Emeia;;Oba,2021;;;
Insecta;Coleoptera(Lampyridae);Emarginata;;Ballantyneetal.(2019)Zootaxa;;;
Insecta;Coleoptera(Lampyridae);Eoluciola;;Oba,2021;Balticamber;;
Insecta;Coleoptera(Lampyridae);Erythrolychnia;;Oba,2021;;;
Insecta;Coleoptera(Lampyridae);Ethra;;Oba,2021;;;
Insecta;Coleoptera(Lampyridae);Eugeusis;;Oba,2021;;;
Insecta;Coleoptera(Lampyridae);Falsophaeopterus;;Oba,2021;;;
Insecta;Coleoptera(Lampyridae);Flabellopalpodes;;Oba,2021;;;
Insecta;Coleoptera(Lampyridae);Flabellototreta;;Oba,2021;;;
Insecta;Coleoptera(Lampyridae);Gorhamia;;Oba,2021;;;
Insecta;Coleoptera(Lampyridae);Harmatelia;;Oba,2021;;;
Insecta;Coleoptera(Lampyridae);Heterophotinus;;Oba,2021;;;
Insecta;Coleoptera(Lampyridae);Hydaspoides;;Oba,2021;;;
Insecta;Coleoptera(Lampyridae);Hyperstoma;;Oba,2021;;;
Insecta;Coleoptera(Lampyridae);Inflata;;Ballantyneetal.(2015)Zootaxa3959,1-84.;;;
Insecta;Coleoptera(Lampyridae);Jamphotus;;Oba,2021;;;
Insecta;Coleoptera(Lampyridae);Kuantana;;Oba,2021;;;
Insecta;Coleoptera(Lampyridae);Lamellipalpodes;;Oba,2021;;;
Insecta;Coleoptera(Lampyridae);Lamellipalpus;;Oba,2021;;;
Insecta;Coleoptera(Lampyridae);Lamprigera;;Oba,2021;;;
Insecta;Coleoptera(Lampyridae);Lamprocera;;Oba,2021;;;
Insecta;Coleoptera(Lampyridae);Lamprohiza;;Oba,2021;;;
Insecta;Coleoptera(Lampyridae);Lampronetes;;Oba,2021;>Pelania;;
Insecta;Coleoptera(Lampyridae);Lampyris;;Oba,2021;;;
Insecta;Coleoptera(Lampyridae);Lampyroidea;;Oba,2021;;;
Insecta;Coleoptera(Lampyridae);Ledocas;;Oba,2021;;;
Insecta;Coleoptera(Lampyridae);Lloydiella;;Oba,2021;;;
Insecta;Coleoptera(Lampyridae);Lucernuta;;Oba,2021;;;
Insecta;Coleoptera(Lampyridae);Lucidina;;Oba,2021;;;
Insecta;Coleoptera(Lampyridae);Lucidota;;Oba,2021;;;
Insecta;Coleoptera(Lampyridae);Lucidotopsis;;Oba,2021;;;
Insecta;Coleoptera(Lampyridae);Lucio;;Oba,2021;;;
Insecta;Coleoptera(Lampyridae);Luciola;;Oba,2021;;;
Insecta;Coleoptera(Lampyridae);Luciuranus;;Silveiraetal.(2016)SystematicsandBiodiversity1-14.;;;
Insecta;Coleoptera(Lampyridae);Lychnacris;;Oba,2021;;;
Insecta;Coleoptera(Lampyridae);Lychnobius;;Oba,2021;;;
Insecta;Coleoptera(Lampyridae);Macrolampis;;Oba,2021;;;
Insecta;Coleoptera(Lampyridae);Magnalata;;Oba,2021;;;
Insecta;Coleoptera(Lampyridae);Magnoculus;;Oba,2021;;;
Insecta;Coleoptera(Lampyridae);Medeopteryx;;Oba,2021;;;
Insecta;Coleoptera(Lampyridae);Memoan;;Oba,2021;;;
Insecta;Coleoptera(Lampyridae);Microdiphot;;Oba,2021;;;
Insecta;Coleoptera(Lampyridae);Microlampyris;;Oba,2021;;;
Insecta;Coleoptera(Lampyridae);Micronaspis;;Oba,2021;;;
Insecta;Coleoptera(Lampyridae);Microphotus;;Oba,2021;;;
Insecta;Coleoptera(Lampyridae);Mimophotinus;;Oba,2021;;;
Insecta;Coleoptera(Lampyridae);Missimia;;Oba,2021;;;
Insecta;Coleoptera(Lampyridae);Nelsonphotus;;Oba,2021;;;
Insecta;Coleoptera(Lampyridae);Ochotyra;;Oba,2021;(Rhagophthalminae);Syn.Rhagophthalmus(Rhagophthalmidae),Wittmer&Ohba,1994;
Insecta;Coleoptera(Lampyridae);Nyctophila;;Oba,2021;;;
Insecta;Coleoptera(Lampyridae);Oculogryphus;;Oba,2021;;;
Insecta;Coleoptera(Lampyridae);Oliviereus;;Oba,2021;;;
Insecta;Coleoptera(Lampyridae);Ophoelis;;Oba,2021;;;
Insecta;Coleoptera(Lampyridae);Ototreta;;Oba,2021;>Drilaster(McDermott,1964);;
Insecta;Coleoptera(Lampyridae);Ototretadrilus;;Oba,2021;;;
Insecta;Coleoptera(Lampyridae);Ovalampis;;Oba,2021;;;
Insecta;Coleoptera(Lampyridae);Crassitarsus;;Oba,2021;;;
Insecta;Coleoptera(Lampyridae);Pacifica;;Oba,2021;;;
Insecta;Coleoptera(Lampyridae);Paracratomorphus;;Oba,2021;;;
Insecta;Coleoptera(Lampyridae);Paraphausis;;Oba,2021;;;
Insecta;Coleoptera(Lampyridae);Pelania;;Oba,2021;;;
Insecta;Coleoptera(Lampyridae);Petalacmis;;Oba,2021;;;
Insecta;Coleoptera(Lampyridae);Phaenolis;;Oba,2021;;;
Insecta;Coleoptera(Lampyridae);Phausis;;Oba,2021;;;
Insecta;Coleoptera(Lampyridae);Phosphaenopterus;;Oba,2021;;;
Insecta;Coleoptera(Lampyridae);Phosphaenus;;Oba,2021;;;
Insecta;Coleoptera(Lampyridae);Photinoides;;Oba,2021;;;
Insecta;Coleoptera(Lampyridae);Photinus;;Oba,2021;;;
Insecta;Coleoptera(Lampyridae);Photoctus;;Oba,2021;;;
Insecta;Coleoptera(Lampyridae);Photuris;;Oba,2021;;;
Insecta;Coleoptera(Lampyridae);Photuroluciola;;Oba,2021;;;
Insecta;Coleoptera(Lampyridae);Picodrilus;;Oba,2021;;;
Insecta;Coleoptera(Lampyridae);Platylampis;;Oba,2021;;;
Insecta;Coleoptera(Lampyridae);Pleotomodes;;Oba,2021;;;
Insecta;Coleoptera(Lampyridae);Pleotomus;;Oba,2021;;;
Insecta;Coleoptera(Lampyridae);Pollaclasis;;Oba,2021;;;
Insecta;Coleoptera(Lampyridae);Presbyolampis;;Oba,2021;;;
Insecta;Coleoptera(Lampyridae);Pristolycus;;Oba,2021;;;
Insecta;Coleoptera(Lampyridae);Prolutacea;;Oba,2021;;;
Insecta;Coleoptera(Lampyridae);Pseudolychnuris;;Oba,2021;;;
Insecta;Coleoptera(Lampyridae);Psilocladus;;Oba,2021;;;
Insecta;Coleoptera(Lampyridae);Pteroptyx;;Oba,2021;;;
Insecta;Coleoptera(Lampyridae);Pterotus;;Oba,2021;;;
Insecta;Coleoptera(Lampyridae);Pygatyphella;;Oba,2021;;;
Insecta;Coleoptera(Lampyridae);Pygoluciola;;Oba,2021;;;
Insecta;Coleoptera(Lampyridae);Pyractomena;;Oba,2021;;;
Insecta;Coleoptera(Lampyridae);Pyractonema;;Oba,2021;;;
Insecta;Coleoptera(Lampyridae);Pyrocoelia;;Oba,2021;;;
Insecta;Coleoptera(Lampyridae);Pyrogaster;;Oba,2021;;;
Insecta;Coleoptera(Lampyridae);Pyrophanes;;Oba,2021;;;
Insecta;Coleoptera(Lampyridae);Pyropyga;;Oba,2021;;;
Insecta;Coleoptera(Lampyridae);Pyropygodes;;Oba,2021;;;
Insecta;Coleoptera(Lampyridae);Rhagophthalmidae;;Oba,2021;;;
Insecta;Coleoptera(Lampyridae);Robopus;;Oba,2021;;;
Insecta;Coleoptera(Lampyridae);Roleta;;Oba,2021;;;
Insecta;Coleoptera(Lampyridae);Rufolychnia;;Oba,2021;;;
Insecta;Coleoptera(Lampyridae);Scissicauda;;Oba,2021;;;
Insecta;Coleoptera(Lampyridae);Sclerotia;;Oba,2021;;;
Insecta;Coleoptera(Lampyridae);Serratia;;Oba,2021;;;
Insecta;Coleoptera(Lampyridae);Stenocladius;;Oba,2021;;;
Insecta;Coleoptera(Lampyridae);Tenaspis;;Oba,2021;;;
Insecta;Coleoptera(Lampyridae);Triangulara;;Oba,2021;;;
Insecta;Coleoptera(Lampyridae);Trisinuata;;Oba,2021;;;
Insecta;Coleoptera(Lampyridae);Uanauna;;Oba,2021;;;
Insecta;Coleoptera(Lampyridae);Vesta;;Oba,2021;;;
Insecta;Coleoptera(Lampyridae);Ybytyramoan;;Oba,2021;;;
Insecta;Diptera;Arachnocampa;;Oba,2021;(=Bolitophila);;
Insecta;Diptera;Keroplatus;;Oba,2021;;;
Insecta;Diptera;Orfelia;;Oba,2021;(=Platyura);;
Insecta;Diptera;Neoceroplatus;;Falaschietal.,2019;N.betaryiensis;;
Insecta;Chilopoda;Orphnaeus;;Oba,2021;Geophilomorpha;Oryidae;
Insecta;Chilopoda;Orya;;Oba,2021;Geophilomorpha;Oryidae;
Insecta;Chilopoda;Haplophilus;;Oba,2021;Geophilomorpha;Himantariidae;
Insecta;Chilopoda;Geophilus;;Oba,2021;Geophilomorpha;Geophilidae;
Insecta;Chilopoda;Strigamia;;Rosemberg&Meyer-Rochow,2009;Geophilomorpha;Linotaeniidae;
Insecta;Chilopoda;Otostigmus;;Rosemberg&Meyer-Rochow,2009;Scolopendromorpha;;
Insecta;Chilopoda;Stenotaenia;;Oba,2021;Geophilomorpha;;
Insecta;Diplopoda;Salpidobolus;;Oba,2021;;;
Insecta;Diplopoda;Paraspirobolus;;Oba,2021;;;
Insecta;Diplopoda;Motyxia;;Oba,2021;(=Luminodesmus);;
Bryozoa;Diplopoda;Membranipora;DOUBTFUL;(Haddocketal.,2010);(=Acanthodesia);;
Chaetognatha;;Caecosagitta;;Haddocketal.,2010;;;
Chaetognatha;;Eukrohnia;;Thuesenetal.(2010)Biol.Bull.219,100-111.;;;
Echinodermata;Crinoidea;Endoxocrinus;;Oba,2021;onlyjapaneseinfo;;
Echinodermata;Crinoidea;Thalassometra;;Oba,2021;onlyjapaneseinfo;;
Echinodermata;Crinoidea;Thaumatocrinus;;Oba,2021;onlyjapaneseinfo;;
Echinodermata;Asteroidea;Dytaster;;Oba,2021;Astropectinidae;Paxillosida;
Echinodermata;Asteroidea;Plutonaster;;Oba,2021;Astropectinidae;Paxillosida;
Echinodermata;Asteroidea;Benthopecten;;Oba,2021;Benthopectinidae;Notomyotida;
Echinodermata;Asteroidea;Pectinaster;;Oba,2021;Benthopectinidae;Notomyotida;
Echinodermata;Asteroidea;Pontaster;;Oba,2021;Benthopectinidae;Notomyotida;
Echinodermata;Asteroidea;Hymenaster;;Oba,2021;Pterasteridae;Velatida;
Echinodermata;Asteroidea;Brisinga;;Oba,2021;Brisigidae;Brisingida;
Echinodermata;Asteroidea;Hymenodiscus;;Oba,2021;Hymenodiscus;Brisigidae;Brisingida
Echinodermata;Asteroidea;Freyella;;Oba,2021;Freyellidae;Brisingida;
Echinodermata;Asteroidea;Zoroaster;;Oba,2021;Zoroasteridae;Forcipulatida;
Echinodermata;Asteroidea;Pteraster;;Oba,2021;Pterasteridae;Velatida;
Echinodermata;Asteroidea;Hydrasterias;;Oba,2021;Pedicellasteridae;Forcipulatida;
Echinodermata;Ophiuroidea;Ophioscolex;;Oba,2021;;;
Echinodermata;Ophiuroidea;Homalophiura;;Oba,2021;;;
Echinodermata;Ophiuroidea;Ophiura;;Oba,2021;;;
Echinodermata;Ophiuroidea;Ophiomusium;;Oba,2021;;;
Echinodermata;Ophiuroidea;Ophiopsila;;Oba,2021;;;
Echinodermata;Ophiuroidea;Ophionereis;;Oba,2021;;;
Echinodermata;Ophiuroidea;Ophiarachnella;;Oba,2021;;;
Echinodermata;Ophiuroidea;Ophiacantha;;Oba,2021;;;
Echinodermata;Ophiuroidea;Ophiomitra;;Oba,2021;;;
Echinodermata;Ophiuroidea;Ophiomitrella;;Oba,2021;;;
Echinodermata;Ophiuroidea;Ohioplinthaca;;Oba,2021;;;
Echinodermata;Ophiuroidea;Ophiopholis;;Oba,2021;;;
Echinodermata;Ophiuroidea;Acrocnida;;Oba,2021;;;
Echinodermata;Ophiuroidea;Amphipholis;;Oba,2021;;;
Echinodermata;Ophiuroidea;Amphiura;;Oba,2021;;;
Echinodermata;Ophiuroidea;Ophiothrix;;Oba,2021;;;
Echinodermata;Ophiuroidea;Ophiochiton;Johnsenetal.(2012)J.Exp.Biol.215,3335-3343.;Oba,2021;;;
Echinodermata;Holothuroidea;Mesothuria;;Oba,2021;onlyjapaneseinfo;;
Echinodermata;Holothuroidea;Paelopatides;;Oba,2021;onlyjapaneseinfo;;
Echinodermata;Holothuroidea;Paroriza;;Oba,2021;onlyjapaneseinfo;;
Echinodermata;Holothuroidea;Pseudostichopus;;Oba,2021;onlyjapaneseinfo;;
Echinodermata;Holothuroidea;Scotothuria(=Galatheathuria);;Oba,2021;onlyjapaneseinfo;;
Echinodermata;Holothuroidea;Benthogone;;Oba,2021;onlyjapaneseinfo;;
Echinodermata;Holothuroidea;Laetmogone;;Oba,2021;onlyjapaneseinfo;;
Echinodermata;Holothuroidea;Pannychia;;Oba,2021;onlyjapaneseinfo;;
Echinodermata;Holothuroidea;Ellipinion;;Oba,2021;onlyjapaneseinfo;;
Echinodermata;Holothuroidea;Kolga;;Oba,2021;onlyjapaneseinfo;;
Echinodermata;Holothuroidea;Peniagone;;Oba,2021;onlyjapaneseinfo;;
Echinodermata;Holothuroidea;Scotoplanes;;Oba,2021;onlyjapaneseinfo;;
Echinodermata;Holothuroidea;Benthodytes;;Oba,2021;onlyjapaneseinfo;;
Echinodermata;Holothuroidea;Psychropotes;;Oba,2021;onlyjapaneseinfo;;
Echinodermata;Holothuroidea;Enypniastes;;Oba,2021;onlyjapaneseinfo;(=Pelagothuria&Planktothuria);
Echinodermata;Holothuroidea;Hansenothuria;;Johnsenetal.(2012)J.Exp.Biol.215,3335-3343.;;;
Hemichordata;;Balanoglossus;;Oba,2021;;;
Hemichordata;;Glossobalanus;DOUBTFUL;Oba,2021;;;
Hemichordata;;Ptychodera;;Oba,2021;;;
Urochordata;Ascidiacea;Clavelina;;Haddocketal.,2010;;;
Urochordata;Thaliacea(Pyrosomida);Pyrosoma;;Oba,2021;;;
Urochordata;Thaliacea(Pyrosomida);Pyrosomella;;Oba,2021;;;
Urochordata;Thaliacea(Pyrosomida);Pyrostremma;;Oba,2021;;;
Urochordata;Thaliacea(Salpida);Pegea;;Oba,2021;;;
Urochordata;Thaliacea(Salpida);Thetys;;Oba,2021;;;
Urochordata;Thaliacea(Doliolida);Doliolula;;Haddocketal.,2010;;;
Urochordata;Thaliacea(Doliolida);Pseudusa;;Haddocketal.,2010;;;
Urochordata;Thaliacea(Doliolida);Paradoliopsis;;Haddocketal.,2010;;;
Urochordata;Appendicularia;Oikopleura;;Oba,2021;;;
Urochordata;Appendicularia;Stegosoma;;Oba,2021;;;
Urochordata;Appendicularia;Folia;;Oba,2021;;;
Urochordata;Appendicularia;Bathochordaeus;;Haddocketal.,2010;nodescriptionaboutbioluminescenceinoriginalreference;;
Urochordata;Appendicularia;Mesochordaeus;;Haddocketal.,2010;nodescriptionaboutbioluminescenceinoriginalreference;;
Vertebrata;Chondrichthyes(Squaliformes);Dalatias;;Oba,2021;Dalatiidae;Now,thefamilysqualidaeisseparatedinDalatiidaeandEtmopteridae.SomniosidaeisalsoincludednowwithZameus(Paitio,Oba,Meyer-Rochow,2016);
Vertebrata;Chondrichthyes(Squaliformes);Euprotomicroides;;Paitio,Oba,Meyer-Rochow,2016;;;
Vertebrata;Chondrichthyes(Squaliformes);Euprotomicrus;;Oba,2021;;;
Vertebrata;Chondrichthyes(Squaliformes);Heteroscymnoides;;Paitio,Oba,Meyer-Rochow,2016;;;
Vertebrata;Chondrichthyes(Squaliformes);Isistius;;Oba,2021;;;
Vertebrata;Chondrichthyes(Squaliformes);Mollisquama;;Paitio,Oba,Meyer-Rochow,2016;Etmopteridae;;
Vertebrata;Chondrichthyes(Squaliformes);Squaliolus;;Oba,2021;;;
Vertebrata;Chondrichthyes(Squaliformes);Aculeola;;Paitio,Oba,Meyer-Rochow,2016;;;
Vertebrata;Chondrichthyes(Squaliformes);Centroscyllium;;Oba,2021;;;
Vertebrata;Chondrichthyes(Squaliformes);Etmopterus;;Oba,2021;;;
Vertebrata;Chondrichthyes(Squaliformes);;;Oba,2021;;;
Vertebrata;Chondrichthyes(Squaliformes);Trigonognathus;;Paitio,Oba,Meyer-Rochow,2016;;;
Vertebrata;Chondrichthyes(Squaliformes);Zameus;;Paitio,Oba,Meyer-Rochow,2016;Somniosidae;;
Vertebrata;Osteichthyes;Lumiconger;;Oba,2021;Congridae;;
Vertebrata;Osteichthyes;Chlorophthalmus;;Oba,2021;Chlorophthalmidae;;
Vertebrata;Osteichthyes;Coccorella;;Oba,2021;Evermannellidae;;
Vertebrata;Osteichthyes;Odontostomops;;Paitio,Oba,Meyer-Rochow,2016;;;
Vertebrata;Osteichthyes;Lestidium;;Oba,2021;Paralepididae;;
Vertebrata;Osteichthyes;Lestrolepis;;Oba,2021;;;
Vertebrata;Osteichthyes;Benthalbella;;Oba,2021;Scopelarchidae;;
Vertebrata;Osteichthyes;Scopelarchoides;;Oba,2021;;;
Vertebrata;Osteichthyes;Porichthys;;Oba,2021;Batrachoididae;;
Vertebrata;Osteichthyes;Anomalops;;Oba,2021;Anomalopidae;;
Vertebrata;Osteichthyes;Kryptophanaron;;Oba,2021;;;
Vertebrata;Osteichthyes;Photoblepharon;;Oba,2021;;;
Vertebrata;Osteichthyes;Phthanophaneron;;Paitio,Oba,Meyer-Rochow,2016;;;
Vertebrata;Osteichthyes;Parmops;;Paitio,Oba,Meyer-Rochow,2016;;;
Vertebrata;Osteichthyes;Protoblepharon;;Paitio,Oba,Meyer-Rochow,2016;;;
Vertebrata;Osteichthyes;Cleidopus;;Oba,2021;Monocentridae;;
Vertebrata;Osteichthyes;Monocentris;;Oba,2021;;;
Vertebrata;Osteichthyes;Aulotrachichthys;;Oba,2021;Trachichthyidae;ParatrachichthysisnowAulotrachuchthys;
Vertebrata;Osteichthyes;Cetonurichthys;;IwamotoandWilliams.1999;Macrouridae;Grenadiers(Piesces,Gadiformes)fromthecontinentalslopeofWesternandNorthwesternAustralia.ProceedingsoftheCaliforniaAcademyofSciences.51(3):105-243.;
Vertebrata;Osteichthyes;Cetonurus;;Oba,2021;;;
Vertebrata;Osteichthyes;Coelorinchus;;Oba,2021;;;
Vertebrata;Osteichthyes;Haplomacrourus;;Oba,2021;;;
Vertebrata;Osteichthyes;Hymenocephalus;;Oba,2021;;;
Vertebrata;Osteichthyes;Hymenogadus;;Oba,2021;JAF(byMotomura);;
Vertebrata;Osteichthyes;Kumba;;Paitio,Oba,Meyer-Rochow,2016;;;
Vertebrata;Osteichthyes;Kuronezumia;;Paitio,Oba,Meyer-Rochow,2016;;;
Vertebrata;Osteichthyes;Lepidorynchus;;Oba,2021;;;
Vertebrata;Osteichthyes;Lucigadus;;Paitio,Oba,Meyer-Rochow,2016;;;
Vertebrata;Osteichthyes;Malacocephalus;;Oba,2021;;;
Vertebrata;Osteichthyes;Mataeocephalus;;IwamotoandGraham.2001.;Grenadiers(FamiliesBathygadidaeandMacrouridae,Gadiformes,Pisces)ofNewSoutliWales,Australia.ProceedingsoftheCaliforniaAcademyofSciences.52(21):407-509.;;
Vertebrata;Osteichthyes;Mesovagus;;NakayamaandEndo(2016)Ichthyol.Res.(inpress).;;;
Vertebrata;Osteichthyes;Nezumia;;Oba,2021;;;
Vertebrata;Osteichthyes;Odontomacrurus;;Oba,2021;;;
Vertebrata;Osteichthyes;Pseudocetonurus;;Iwamotoetal.2015;SynopsisoftheGrenadierFishes(Gadiformes,Teleostei)ofTaiwan.ProceedingsoftheCaliforniaAcademyofSciences.62(3):31-126.;;
Vertebrata;Osteichthyes;Pseudonezumia;;Nakabo.2002;2002.FishesofJapanwithpictorialkeystothespecies,Englishedition.TokaiUniversityPress.;;
Vertebrata;Osteichthyes;Sphagemacrurus;;Oba,2021;;;
Vertebrata;Osteichthyes;Spicomacrurus;;Paitio,Oba,Meyer-Rochow,2016;;;
Vertebrata;Osteichthyes;Trachonurus;;Oba,2021;;;
Vertebrata;Osteichthyes;Ventrifossa;;Oba,2021;;;
Vertebrata;Osteichthyes;Steindachneria;;Oba,2021;SteindachneriaisnowincludedinMerlucciidaeandnotSteindachneriidae(Paitio,Oba,Meyer-Rochow,2016);;
Vertebrata;Osteichthyes;Gadella;;Oba,2021;Moridae;;
Vertebrata;Osteichthyes;Physiculus;;Oba,2021;;;
Vertebrata;Osteichthyes;Pterophycis;;Ho.2019;AnewgenusandspeciesofthecodfishfamilyMoridae(OrderGadiiformes)fromsouthwesternTaiwan.Zootaxa.4702:032-040.;;
Vertebrata;Osteichthyes;Salilota;;Paitio,Oba,Meyer-Rochow,2016;;;
Vertebrata;Osteichthyes;Tripterophycis;;Oba,2021;;;
Vertebrata;Osteichthyes;Centrophryne;;Oba,2021;Centrophrynidae;;
Vertebrata;Osteichthyes;Ceratias;;Oba,2021;Ceratiidae;;
Vertebrata;Osteichthyes;Cryptosaras;;Oba,2021;;;
Vertebrata;Osteichthyes;Bufoceratias;;Oba,2021;Diceratiidae;ParoneirodesisincludedinthegenusBufoceratias,whichisnew(Paitio,Oba,Meyer-Rochow,2016);
Vertebrata;Osteichthyes;Diceratias;;Oba,2021;;;
Vertebrata;Osteichthyes;Gigantactis;;Oba,2021;Gigantactinidae;;
Vertebrata;Osteichthyes;Himantolophus;;Oba,2021;Himantolophidae;;
Vertebrata;Osteichthyes;Acentrophryne;;Oba,2021;Linophrynidae;;
Vertebrata;Osteichthyes;Borophryne;;Oba,2021;;;
Vertebrata;Osteichthyes;Haplophryne;;Oba,2021;;;
Vertebrata;Osteichthyes;Linophryne;;Oba,2021;;;
Vertebrata;Osteichthyes;Photocorynus;;Oba,2021;;;
Vertebrata;Osteichthyes;Melanocetus;;Oba,2021;Melanocetidae;;
Vertebrata;Osteichthyes;Dibranchus;;Oba,2021;Ogcocophalidae;;
Vertebrata;Osteichthyes;Bertella;;Oba,2021;Oneirodidae;;
Vertebrata;Osteichthyes;Chaenophryne;;Oba,2021;;;
Vertebrata;Osteichthyes;Chirophryne;;Oba,2021;;;
Vertebrata;Osteichthyes;Ctenochirichthys;;Oba,2021;;;
Vertebrata;Osteichthyes;Danaphryne;;Oba,2021;;;
Vertebrata;Osteichthyes;Dermatias;;Paitio,Oba,Meyer-Rochow,2016;;;
Vertebrata;Osteichthyes;Dolopichthys;;Oba,2021;;;
Vertebrata;Osteichthyes;Leptacanthichthys;;Oba,2021;;;
Vertebrata;Osteichthyes;Lophodolos;;Oba,2021;;;
Vertebrata;Osteichthyes;Microlopichthys;;Oba,2021;;;
Vertebrata;Osteichthyes;Oneirodes;;Oba,2021;;;
Vertebrata;Osteichthyes;Pentherichthys;;Oba,2021;;;
Vertebrata;Osteichthyes;Phyllorhinichthys;;Oba,2021;;;
Vertebrata;Osteichthyes;Puck;;Oba,2021;;;
Vertebrata;Osteichthyes;Spiniphryne;;Oba,2021;SpiniphryneisnowinOneirodidae,notinCentrophrynidae(Paitio,Oba,Meyer-Rochow,2016);;
Vertebrata;Osteichthyes;Tyrannophryne;;Oba,2021;;;
Vertebrata;Osteichthyes;Lasiognathus;;Oba,2021;Thaumatichthyidae;;
Vertebrata;Osteichthyes;Thaumatichthys;;Oba,2021;;;
Vertebrata;Osteichthyes;Benthosema;;Oba,2021;Myctophidae;;
Vertebrata;Osteichthyes;Bolinichthys;;Oba,2021;;;
Vertebrata;Osteichthyes;Centrobranchus;;Oba,2021;;;
Vertebrata;Osteichthyes;Dasyscopelus;;Oba,2021;JAF(byMotomura);;
Vertebrata;Osteichthyes;Ceratoscopelus;;Oba,2021;;;
Vertebrata;Osteichthyes;Diaphus;;Oba,2021;;;
Vertebrata;Osteichthyes;Diogenichthys;;Oba,2021;;;
Vertebrata;Osteichthyes;Electrona;;Oba,2021;;;
Vertebrata;Osteichthyes;Gonichthys;;Oba,2021;;;
Vertebrata;Osteichthyes;Gymnoscopelus;;Oba,2021;;;
Vertebrata;Osteichthyes;Hintonia;;Oba,2021;;;
Vertebrata;Osteichthyes;Hygophum;;Oba,2021;;;
Vertebrata;Osteichthyes;Idiolychnus;;Oba,2021;;;
Vertebrata;Osteichthyes;Krefftichthys;;Oba,2021;;;
Vertebrata;Osteichthyes;Lampadena;;Oba,2021;;;
Vertebrata;Osteichthyes;Lampanyctodes;;Oba,2021;;;
Vertebrata;Osteichthyes;Lampanyctus;;Oba,2021;;;
Vertebrata;Osteichthyes;Lampichthys;;Oba,2021;;;
Vertebrata;Osteichthyes;Lepidophanes;;Oba,2021;;;
Vertebrata;Osteichthyes;Lobianchia;;Oba,2021;;;
Vertebrata;Osteichthyes;Loweina;;Oba,2021;;;
Vertebrata;Osteichthyes;Macrostoma;;Paitio,Oba,Meyer-Rochow,2016;;;
Vertebrata;Osteichthyes;Metelectrona;;Oba,2021;;;
Vertebrata;Osteichthyes;Myctophum;;Oba,2021;;;
Vertebrata;Osteichthyes;Nannobrachium;;Paitio,Oba,Meyer-Rochow,2016;;;
Vertebrata;Osteichthyes;Notolychnus;;Oba,2021;;;
Vertebrata;Osteichthyes;Notoscopelus;;Oba,2021;;;
Vertebrata;Osteichthyes;Parvilux;;Paitio,Oba,Meyer-Rochow,2016;;;
Vertebrata;Osteichthyes;Protomyctophum;;Oba,2021;;;
Vertebrata;Osteichthyes;Scopelopsis;;Oba,2021;;;
Vertebrata;Osteichthyes;Stenobrachius;;Oba,2021;;;
Vertebrata;Osteichthyes;Symbolophorus;;Oba,2021;;;
Vertebrata;Osteichthyes;Taaningichthys;;Oba,2021;;;
Vertebrata;Osteichthyes;Tarletonbeania;;Oba,2021;;;
Vertebrata;Osteichthyes;Triphoturus;;Oba,2021;;;
Vertebrata;Osteichthyes;Neoscopelus;;Oba,2021;Neoscopelidae;;
Vertebrata;Osteichthyes;Microphotolepis;;Oba,2021;Alepocephalidae;;
Vertebrata;Osteichthyes;Photostylus;;Oba,2021;;;
Vertebrata;Osteichthyes;Rouleina;;Oba,2021;;;
Vertebrata;Osteichthyes;Xenodermichthys;;Oba,2021;;;
Vertebrata;Osteichthyes;Monacoa;;PoulsenJY(2016)PLOSONE11(8)e0159762.;;;
Vertebrata;Osteichthyes;Nansenia;;Oba,2021;Now,Opisthoproctidae,AlepocephalidaeandPlatytroctidaeareintheorderOsmeriformesandnotSalmoniformes.MicrostomatidaeisalsoincludednowwithNansenia(Paitio,Oba,Meyer-Rochow,2016);;
Vertebrata;Osteichthyes;Dolichopteryx;;Parinetal.2009;MaterialstotheRevisionoftheGenusDolichopteryxandCloselyRelatedTaxa(Ioichthys,Bathylychnops)withtheSeparationofaNewGenusDolichopteroidesandDescriptionofThreeNewSpecies(Fam.Opisthoproctidae).JournalofIchthyology.49(10):839-851.;;
Vertebrata;Osteichthyes;Opisthoproctus;;Oba,2021;Opisthoproctidae;;
Vertebrata;Osteichthyes;Rhynchohyalus;;Oba,2021;;;
Vertebrata;Osteichthyes;Winteria;;Oba,2021;;;
Vertebrata;Osteichthyes;Barbantus;;Oba,2021;Platytroctidae;;
Vertebrata;Osteichthyes;Holtbyrnia;;Oba,2021;;;
Vertebrata;Osteichthyes;Matsuichthys;;Oba,2021;ParaholtbyrniaisnowincludedinthegenusHoltbyrnia(Paitio,Oba,Meyer-Rochow,2016);;
Vertebrata;Osteichthyes;Maulisia;;Oba,2021;;;
Vertebrata;Osteichthyes;Mentodus;;Oba,2021;;;
Vertebrata;Osteichthyes;Mirorictus;;Paitio,Oba,Meyer-Rochow,2016;;;
Vertebrata;Osteichthyes;Normichthys;;Oba,2021;;;
Vertebrata;Osteichthyes;Pectinantus;;Paitio,Oba,Meyer-Rochow,2016;;;
Vertebrata;Osteichthyes;Persparsia;;Oba,2021;;;
Vertebrata;Osteichthyes;Platytroctes;;Oba,2021;;;
Vertebrata;Osteichthyes;Sagamichthys;;Oba,2021;;;
Vertebrata;Osteichthyes;Searsia;;Oba,2021;;;
Vertebrata;Osteichthyes;Searsoides;;Oba,2021;;;
Vertebrata;Osteichthyes;Acropoma;;Oba,2021;Acropomatidae;;
Vertebrata;Osteichthyes;Synagrops;;Paitio,Oba,Meyer-Rochow,2016;;;
Vertebrata;Osteichthyes;Jaydia;;Paitio,Oba,Meyer-Rochow,2016;;;
Vertebrata;Osteichthyes;Rhabdamia;;Oba,2021;;;
Vertebrata;Osteichthyes;Siphamia;;Oba,2021;;;
Vertebrata;Osteichthyes;Verulux;;YoshidaandMotomura.2016.;Anewcardinalfish,Veruluxsolmaculata(Perciformes:Apogonidae),fromPapuaNewGuineaandAustralia.IchthylogicalResearch.doi:10.1007/s10228-016-0539-2.;;
Vertebrata;Osteichthyes;Epigonus;;Oba,2021;Epigonidae;;
Vertebrata;Osteichthyes;Florenciella;;Oba,2021;Epigonus,Florenciella,RosenblattiaarenowEpigonidaeandnotApogonidae(Paitio,Oba,Meyer-Rochow,2016);;
Vertebrata;Osteichthyes;Rosenblattia;;Oba,2021;;;
Vertebrata;Osteichthyes;Howella;;Oba,2021;Howellidae;HowellaisnowHowellidae,notApogonidae(Paitio,Oba,Meyer-Rochow,2016);
Vertebrata;Osteichthyes;Pseudoscopelus;;Oba,2021;Chiasmodontidae;;
Vertebrata;Osteichthyes;Aurigequula;;Oba,2021;Leiognathidae;;
Vertebrata;Osteichthyes;Deveximentum;;Oba,2021;JAFbyMotomura;;
Vertebrata;Osteichthyes;Equulites;;Paitio,Oba,Meyer-Rochow,2016;;;
Vertebrata;Osteichthyes;Eubleekeria;;Paitio,Oba,Meyer-Rochow,2016;;;
Vertebrata;Osteichthyes;Gazza;;Oba,2021;;;
Vertebrata;Osteichthyes;Karalla;;Oba,2021;JAPbyMotomura;;
Vertebrata;Osteichthyes;Leiognathus;;Oba,2021;;;
Vertebrata;Osteichthyes;Nuchequula;;Paitio,Oba,Meyer-Rochow,2016;;;
Vertebrata;Osteichthyes;Photolateralis;;Oba,2021;;;
Vertebrata;Osteichthyes;Photopectoralis;;Paitio,Oba,Meyer-Rochow,2016;;;
Vertebrata;Osteichthyes;Deveximentum;;Oba,2021;JAF(byMotomura);;
Vertebrata;Osteichthyes;Parapriacanthus;;Oba,2021;Pempheridae;;
Vertebrata;Osteichthyes;Pempheris;;Oba,2021;;;
Vertebrata;Osteichthyes;Larimichthys;;Paitio,Oba,Meyer-Rochow,2016;;;
Vertebrata;Osteichthyes;Sonorolux;;Paitio,Oba,Meyer-Rochow,2016;;;
Vertebrata;Osteichthyes;Eurypharynx;;Oba,2021;Eurypharingidae;Now,EuryphayngidaeandSaccopharyngidaeareintheorderSaccopharyngiformesandnotAnguiliformes(Paitio,Oba,Meyer-Rochow,2016);
Vertebrata;Osteichthyes;Saccopharynx;;Oba,2021;Saccopharyngidae;;
Vertebrata;Osteichthyes;Bonapartia;;Oba,2021;Gonostomatidae;;
Vertebrata;Osteichthyes;Cyclothone;;Oba,2021;;;
Vertebrata;Osteichthyes;Diplophus;;Oba,2021;DiplophosisnowGonostomatidaenotSternoptychidae(Paitio,Oba,Meyer-Rochow,2016);;
Vertebrata;Osteichthyes;Gonostoma;;Oba,2021;;;
Vertebrata;Osteichthyes;Manducus;;Paitio,Oba,Meyer-Rochow,2016;;;
Vertebrata;Osteichthyes;Margrethia;;Oba,2021;;;
Vertebrata;Osteichthyes;Sigmops;;Paitio,Oba,Meyer-Rochow,2016;;;
Vertebrata;Osteichthyes;Triplophos;;Oba,2021;;;
Vertebrata;Osteichthyes;Ichthyococcus;;Oba,2021;Phosichthyidae;;
Vertebrata;Osteichthyes;Phosichthys;;Oba,2021;NowPhosichthys(Paitio,Oba,Meyer-Rochow,2016);;
Vertebrata;Osteichthyes;Pollichthys;;Oba,2021;;;
Vertebrata;Osteichthyes;Polymetme;;Oba,2021;;;
Vertebrata;Osteichthyes;Vinciguerria;;Oba,2021;;;
Vertebrata;Osteichthyes;Woodsia;;Oba,2021;;;
Vertebrata;Osteichthyes;Yarrella;;Oba,2021;;;
Vertebrata;Osteichthyes;Araiophos;;Oba,2021;Sternoptychidae;;
Vertebrata;Osteichthyes;Argyripnus;;Oba,2021;;;
Vertebrata;Osteichthyes;Argyropelecus;;Oba,2021;;;
Vertebrata;Osteichthyes;Danaphos;;Oba,2021;;;
Vertebrata;Osteichthyes;Maurolicus;;Oba,2021;;;
Vertebrata;Osteichthyes;Polyipnus;;Oba,2021;;;
Vertebrata;Osteichthyes;Sonoda;;Oba,2021;;;
Vertebrata;Osteichthyes;Sternoptyx;;Oba,2021;"Astronesthidae,Melanostomiidae,MalacosteidaeandIdiacanthidaearenow""nae""andsubfamilies,notfamilies(Paitio,Oba,Meyer-Rochow,2016)";;
Vertebrata;Osteichthyes;Thorophos;;Oba,2021;;;
Vertebrata;Osteichthyes;Valenciennellus;;Oba,2021;;;
Vertebrata;Osteichthyes;Aristostomias;;Oba,2021;Stomiidae;;
Vertebrata;Osteichthyes;Astronesthes;;Oba,2021;;;
Vertebrata;Osteichthyes;Bathophilus;;Oba,2021;;;
Vertebrata;Osteichthyes;Borostomias;;Oba,2021;;;
Vertebrata;Osteichthyes;Chauliodus;;Oba,2021;;;
Vertebrata;Osteichthyes;Chirostomias;;Oba,2021;;;
Vertebrata;Osteichthyes;Echiostoma;;Oba,2021;;;
Vertebrata;Osteichthyes;Eupogonesthes;;Paitio,Oba,Meyer-Rochow,2016;;;
Vertebrata;Osteichthyes;Eustomias;;Oba,2021;;;
Vertebrata;Osteichthyes;Flagellostomias;;Oba,2021;;;
Vertebrata;Osteichthyes;Grammatostomias;;Oba,2021;;;
Vertebrata;Osteichthyes;Heterophotus;;Oba,2021;;;
Vertebrata;Osteichthyes;Idiacanthus;;Oba,2021;;;
Vertebrata;Osteichthyes;Leptostomias;;Oba,2021;;;
Vertebrata;Osteichthyes;Malacosteus;;Oba,2021;;;
Vertebrata;Osteichthyes;Melanostomias;;Oba,2021;;;
Vertebrata;Osteichthyes;Neonesthes;;Oba,2021;;;
Vertebrata;Osteichthyes;Odontostomias;;Oba,2021;;;
Vertebrata;Osteichthyes;Opostomias;;Oba,2021;;;
Vertebrata;Osteichthyes;Pachystomias;;Oba,2021;;;
Vertebrata;Osteichthyes;Photonectes;;Oba,2021;;;
Vertebrata;Osteichthyes;Photostomias;;Oba,2021;;;
Vertebrata;Osteichthyes;Rhadinesthes;;Oba,2021;;;
Vertebrata;Osteichthyes;Stomias;;Oba,2021;;;
Vertebrata;Osteichthyes;Tactostoma;;Oba,2021;;;
Vertebrata;Osteichthyes;Thysanactis;;Oba,2021;;;
Vertebrata;Osteichthyes;Trigonolampa;;Oba,2021;;;
